{
  "Learning Rate (lr) | 1e-3": {
    "mean": [
      -1189.89608022364
    ],
    "std": [
      133.7373345512115
    ]
  },
  "Learning Rate (lr) | 1e-2 (default)": {
    "mean": [
      -242.35548839702278
    ],
    "std": [
      122.72344683873143
    ]
  },
  "Learning Rate (lr) | 1e-1": {
    "mean": [
      -941.4309373958662
    ],
    "std": [
      179.9633063962533
    ]
  },
  "Discount Factor (γ) | 0.90": {
    "mean": [
      -252.39473619440506
    ],
    "std": [
      105.61295088908983
    ]
  },
  "Discount Factor (γ) | 0.98 (default)": {
    "mean": [
      -242.35548839702278
    ],
    "std": [
      122.72344683873143
    ]
  },
  "Discount Factor (γ) | 0.99": {
    "mean": [
      -238.47237834912818
    ],
    "std": [
      98.75569779867374
    ]
  },
  "Exploration Rate (ε) | 0.001": {
    "mean": [
      -230.81437459003376
    ],
    "std": [
      111.5219620761766
    ]
  },
  "Exploration Rate (ε) | 0.01 (default)": {
    "mean": [
      -242.35548839702278
    ],
    "std": [
      122.72344683873143
    ]
  },
  "Exploration Rate (ε) | 0.10": {
    "mean": [
      -281.54210835155106
    ],
    "std": [
      108.24194008710522
    ]
  },
  "Target Update Freq | 1": {
    "mean": [
      -1326.0639856755463
    ],
    "std": [
      149.37027382294204
    ]
  },
  "Target Update Freq | 50 (default)": {
    "mean": [
      -242.35548839702278
    ],
    "std": [
      122.72344683873143
    ]
  },
  "Target Update Freq | 200": {
    "mean": [
      -218.92267246877472
    ],
    "std": [
      90.48398672119205
    ]
  },
  "Batch Size | 16": {
    "mean": [
      -544.2636757641915
    ],
    "std": [
      221.44652012448236
    ]
  },
  "Batch Size | 64 (default)": {
    "mean": [
      -242.35548839702278
    ],
    "std": [
      122.72344683873143
    ]
  },
  "Batch Size | 256": {
    "mean": [
      -197.3908303143933
    ],
    "std": [
      85.59136050404733
    ]
  }
}